account_id,account_name,industry,country,signup_date,referral_source,plan_tier,seats,is_trial,churn_flag,account_age_days
A-2e4581,Company_0,EdTech,US,2024-10-16,partner,Basic,9,0,0,537
A-43a9e3,Company_1,FinTech,IN,2023-08-17,other,Basic,18,0,1,963
A-0a282f,Company_2,DevTools,US,2024-08-27,organic,Basic,1,0,0,587
A-1f0ac7,Company_3,HealthTech,UK,2023-08-27,other,Basic,24,1,0,953
A-ce550d,Company_4,HealthTech,US,2024-10-27,event,Enterprise,35,0,1,526
A-1b9609,Company_5,EdTech,IN,2023-10-12,ads,Enterprise,4,0,0,907
A-a0ca4e,Company_6,Cybersecurity,US,2024-03-08,ads,Pro,11,0,0,759
A-e5d6ab,Company_7,EdTech,US,2023-04-15,partner,Pro,3,0,0,1087
A-7dacce,Company_8,Cybersecurity,CA,2024-09-10,event,Enterprise,12,0,1,573
A-10b8da,Company_9,DevTools,US,2023-05-08,partner,Enterprise,14,0,1,1064
A-592832,Company_10,Cybersecurity,US,2024-09-25,organic,Basic,18,0,1,558
A-d40bf7,Company_11,FinTech,IN,2024-11-08,organic,Basic,59,0,0,514
A-6c093d,Company_12,DevTools,US,2023-04-14,partner,Basic,7,1,0,1088
A-462d45,Company_13,Cybersecurity,US,2024-01-15,partner,Enterprise,11,1,0,812
A-956988,Company_14,EdTech,UK,2024-11-30,ads,Enterprise,1,0,0,492
A-ac14bb,Company_15,FinTech,US,2023-09-08,partner,Enterprise,21,0,0,941
A-463db0,Company_16,HealthTech,US,2024-12-05,partner,Basic,15,0,0,487
A-ce66f8,Company_17,EdTech,CA,2023-08-23,event,Pro,29,0,0,957
A-c4ea60,Company_18,FinTech,DE,2023-03-09,other,Enterprise,18,0,1,1124
A-832ec2,Company_19,FinTech,UK,2023-11-19,event,Enterprise,4,1,0,869
A-684255,Company_20,FinTech,US,2024-04-14,ads,Enterprise,9,0,0,722
A-c42f1f,Company_21,HealthTech,US,2024-07-28,other,Pro,8,0,0,617
A-4e44e8,Company_22,DevTools,US,2024-08-20,ads,Enterprise,3,0,1,594
A-30b4ca,Company_23,EdTech,IN,2024-05-20,organic,Basic,86,0,1,686
A-9f2731,Company_24,FinTech,IN,2024-10-04,event,Enterprise,1,0,0,549
A-32fb14,Company_25,DevTools,US,2023-03-07,event,Enterprise,26,0,1,1126
A-00cac8,Company_26,HealthTech,AU,2023-09-15,organic,Enterprise,8,1,0,934
A-35083d,Company_27,HealthTech,IN,2023-04-28,partner,Basic,19,0,1,1074
A-eb7fac,Company_28,DevTools,US,2023-10-28,organic,Enterprise,7,0,0,891
A-b20d99,Company_29,HealthTech,IN,2023-09-27,other,Basic,20,0,0,922
A-396e5f,Company_30,Cybersecurity,CA,2024-10-02,other,Enterprise,2,0,0,551
A-45ce7a,Company_31,FinTech,US,2023-07-23,ads,Enterprise,16,0,0,988
A-08e34e,Company_32,EdTech,US,2024-06-27,event,Basic,14,0,1,648
A-8145a0,Company_33,Cybersecurity,AU,2023-04-25,partner,Basic,2,1,0,1077
A-bad8c1,Company_34,FinTech,AU,2023-03-01,organic,Basic,7,0,0,1132
A-44dc83,Company_35,EdTech,FR,2024-05-12,other,Basic,5,0,0,694
A-f446b6,Company_36,DevTools,DE,2023-05-12,ads,Pro,5,1,0,1060
A-a45270,Company_37,HealthTech,US,2024-06-24,ads,Enterprise,3,0,0,651
A-854864,Company_38,FinTech,IN,2024-12-07,event,Enterprise,20,0,0,485
A-1b7577,Company_39,Cybersecurity,US,2024-10-27,other,Pro,4,0,0,526
A-05f0e5,Company_40,FinTech,US,2023-05-04,partner,Basic,32,0,0,1068
A-9077b0,Company_41,HealthTech,US,2024-08-25,ads,Basic,2,0,0,589
A-7f8241,Company_42,EdTech,US,2023-03-14,organic,Pro,34,0,1,1119
A-2bc93d,Company_43,HealthTech,US,2023-03-14,event,Basic,14,0,0,1119
A-f3ff05,Company_44,FinTech,IN,2024-07-06,other,Enterprise,2,0,0,639
A-2d4502,Company_45,FinTech,IN,2024-04-29,event,Basic,7,0,0,707
A-6a4e2d,Company_46,EdTech,UK,2023-04-07,partner,Pro,9,0,0,1095
A-eb7c38,Company_47,DevTools,AU,2024-02-25,organic,Enterprise,5,0,0,771
A-c37601,Company_48,EdTech,US,2024-10-31,partner,Basic,6,1,0,522
A-3b5cd1,Company_49,FinTech,US,2023-09-12,event,Basic,13,1,0,937
A-b2225d,Company_50,FinTech,US,2024-03-08,ads,Basic,47,0,1,759
A-94f8c9,Company_51,HealthTech,US,2024-03-29,other,Basic,13,0,0,738
A-02fac6,Company_52,FinTech,US,2023-04-06,event,Pro,22,0,0,1096
A-c1dfe1,Company_53,DevTools,DE,2023-08-07,ads,Pro,26,0,0,973
A-32728c,Company_54,DevTools,US,2023-01-03,event,Pro,20,0,1,1189
A-4c38bc,Company_55,HealthTech,UK,2024-03-09,event,Basic,36,0,1,758
A-1b707d,Company_56,Cybersecurity,US,2023-07-14,organic,Enterprise,1,0,0,997
A-6f8ad2,Company_57,EdTech,IN,2024-07-09,organic,Basic,1,0,0,636
A-4d1e75,Company_58,DevTools,US,2024-08-21,other,Basic,20,0,0,593
A-9ee962,Company_59,HealthTech,US,2023-02-28,ads,Basic,9,0,1,1133
A-378b99,Company_60,EdTech,UK,2024-09-01,ads,Pro,8,1,0,582
A-94d3da,Company_61,HealthTech,US,2023-05-03,other,Basic,41,0,0,1069
A-e351e1,Company_62,EdTech,US,2024-09-26,other,Enterprise,33,0,0,557
A-9badbd,Company_63,Cybersecurity,DE,2024-06-19,ads,Enterprise,5,1,0,656
A-7e0a10,Company_64,FinTech,US,2023-11-18,ads,Enterprise,46,0,0,870
A-118d55,Company_65,Cybersecurity,US,2024-10-22,organic,Basic,8,0,0,531
A-526d93,Company_66,HealthTech,FR,2024-04-14,organic,Basic,43,0,0,722
A-f92792,Company_67,FinTech,US,2024-07-04,ads,Pro,1,0,0,641
A-84ebe4,Company_68,FinTech,US,2023-03-12,ads,Pro,18,1,1,1121
A-5b4ebb,Company_69,Cybersecurity,UK,2024-07-10,other,Basic,21,1,1,635
A-2922b6,Company_70,HealthTech,US,2024-11-14,organic,Basic,15,0,0,508
A-9b9fe9,Company_71,EdTech,AU,2023-09-28,other,Basic,5,0,0,921
A-a8b49c,Company_72,Cybersecurity,UK,2023-10-06,partner,Basic,7,0,0,913
A-9174e0,Company_73,Cybersecurity,US,2024-12-04,partner,Basic,37,0,0,488
A-a1bbb6,Company_74,DevTools,CA,2023-04-05,organic,Basic,1,0,0,1097
A-c45b23,Company_75,FinTech,UK,2023-12-08,partner,Basic,5,0,0,850
A-02cd81,Company_76,HealthTech,IN,2024-03-28,other,Basic,44,0,0,739
A-ee42db,Company_77,EdTech,DE,2023-04-25,ads,Enterprise,13,0,0,1077
A-432483,Company_78,Cybersecurity,US,2023-02-06,ads,Pro,4,0,0,1155
A-9208f0,Company_79,EdTech,US,2023-05-11,organic,Pro,1,0,1,1061
A-98a59a,Company_80,FinTech,UK,2023-08-04,partner,Enterprise,56,0,0,976
A-fe79a5,Company_81,HealthTech,IN,2024-02-21,ads,Basic,9,1,0,775
A-726cfa,Company_82,DevTools,US,2023-07-01,partner,Pro,11,0,0,1010
A-c43359,Company_83,FinTech,US,2024-11-16,organic,Pro,38,0,0,506
A-271f46,Company_84,DevTools,US,2023-02-09,event,Pro,38,0,1,1152
A-157070,Company_85,FinTech,US,2023-11-09,ads,Pro,16,0,0,879
A-40a557,Company_86,Cybersecurity,AU,2023-12-03,partner,Pro,16,1,0,855
A-66224b,Company_87,HealthTech,US,2024-10-18,other,Pro,92,1,0,535
A-91e948,Company_88,EdTech,AU,2023-01-29,partner,Basic,41,0,0,1163
A-104f1a,Company_89,Cybersecurity,US,2024-08-17,other,Pro,24,0,0,597
A-7988d1,Company_90,Cybersecurity,US,2023-12-20,other,Basic,33,0,0,838
A-faa28c,Company_91,HealthTech,US,2024-01-30,organic,Enterprise,48,0,0,797
A-f25509,Company_92,EdTech,US,2024-03-22,other,Enterprise,32,0,0,745
A-3a7284,Company_93,FinTech,US,2024-11-17,organic,Enterprise,31,0,0,505
A-3a5ad8,Company_94,HealthTech,US,2023-12-05,organic,Enterprise,9,1,0,853
A-65a46c,Company_95,HealthTech,US,2023-11-04,event,Pro,1,0,0,884
A-8b25f2,Company_96,Cybersecurity,US,2024-02-17,ads,Pro,6,0,1,779
A-fabe19,Company_97,DevTools,UK,2024-11-11,ads,Enterprise,1,0,0,511
A-adc1f3,Company_98,Cybersecurity,US,2024-08-05,organic,Pro,2,0,0,609
A-503d5a,Company_99,FinTech,US,2023-10-21,other,Enterprise,4,0,1,898
A-fd7ad3,Company_100,Cybersecurity,US,2024-11-01,event,Enterprise,1,0,0,521
A-186a44,Company_101,HealthTech,US,2023-08-07,ads,Enterprise,20,0,0,973
A-e888d1,Company_102,Cybersecurity,US,2023-03-28,other,Pro,14,0,0,1105
A-69fad4,Company_103,FinTech,UK,2023-04-06,ads,Basic,6,0,1,1096
A-9289f6,Company_104,EdTech,US,2023-05-31,event,Enterprise,1,0,0,1041
A-f19409,Company_105,DevTools,US,2023-03-16,other,Basic,23,0,1,1117
A-22f2df,Company_106,DevTools,US,2024-12-14,ads,Basic,3,0,0,478
A-039727,Company_107,EdTech,AU,2024-11-02,organic,Pro,25,0,0,520
A-2e3bad,Company_108,FinTech,CA,2023-08-13,other,Pro,61,0,0,967
A-484819,Company_109,HealthTech,US,2023-02-21,organic,Pro,18,0,0,1140
A-425e76,Company_110,DevTools,UK,2023-05-17,other,Enterprise,8,0,1,1055
A-e83938,Company_111,DevTools,UK,2023-11-21,other,Pro,2,1,1,867
A-ad296b,Company_112,DevTools,AU,2024-07-15,event,Pro,38,0,0,630
A-e51ec7,Company_113,FinTech,CA,2023-09-23,partner,Enterprise,2,0,0,926
A-0aaf6e,Company_114,FinTech,US,2024-05-11,organic,Enterprise,3,0,0,695
A-e61e98,Company_115,FinTech,US,2023-10-20,partner,Enterprise,19,0,1,899
A-92a333,Company_116,FinTech,US,2023-03-24,event,Enterprise,9,0,0,1109
A-95b24a,Company_117,FinTech,US,2023-06-06,event,Pro,38,0,1,1035
A-42e5e1,Company_118,DevTools,US,2024-07-09,ads,Pro,1,0,1,636
A-7d514c,Company_119,HealthTech,DE,2024-02-03,organic,Enterprise,17,0,0,793
A-65aeb5,Company_120,DevTools,US,2024-01-25,partner,Pro,9,0,0,802
A-e2cd1b,Company_121,DevTools,US,2024-02-04,other,Enterprise,15,0,0,792
A-180abf,Company_122,DevTools,US,2023-08-14,event,Pro,64,0,1,966
A-f17767,Company_123,DevTools,US,2023-01-30,event,Enterprise,1,1,1,1162
A-5a184f,Company_124,DevTools,DE,2023-06-19,other,Enterprise,1,0,1,1022
A-7df7a7,Company_125,DevTools,US,2023-01-28,organic,Basic,7,0,1,1164
A-1ac5e0,Company_126,DevTools,US,2024-10-20,event,Basic,33,0,1,533
A-52dd88,Company_127,Cybersecurity,US,2023-02-21,ads,Pro,23,0,0,1140
A-bece89,Company_128,Cybersecurity,IN,2023-12-01,event,Pro,26,0,0,857
A-029f69,Company_129,Cybersecurity,CA,2024-03-07,event,Basic,3,0,0,760
A-5c046d,Company_130,EdTech,FR,2024-07-06,partner,Basic,93,0,0,639
A-fb186e,Company_131,EdTech,IN,2024-10-27,organic,Basic,29,0,0,526
A-ae052e,Company_132,FinTech,CA,2023-09-11,other,Basic,39,0,0,938
A-9f9299,Company_133,FinTech,US,2023-09-02,organic,Enterprise,28,1,0,947
A-96e141,Company_134,DevTools,UK,2023-08-12,partner,Basic,14,0,0,968
A-117171,Company_135,HealthTech,FR,2024-09-12,organic,Basic,45,0,1,571
A-313be3,Company_136,EdTech,US,2023-11-15,partner,Enterprise,47,1,0,873
A-671f31,Company_137,DevTools,US,2024-11-24,ads,Basic,59,0,0,498
A-bbc346,Company_138,FinTech,US,2024-08-29,partner,Enterprise,19,0,0,585
A-c16101,Company_139,EdTech,IN,2024-09-06,other,Basic,7,0,0,577
A-50f3f7,Company_140,HealthTech,US,2023-12-22,partner,Basic,31,0,1,836
A-7da956,Company_141,Cybersecurity,US,2024-06-02,event,Pro,13,1,0,673
A-019782,Company_142,DevTools,FR,2023-04-19,event,Enterprise,11,0,0,1083
A-df10db,Company_143,DevTools,US,2023-06-06,other,Enterprise,2,1,0,1035
A-3932db,Company_144,HealthTech,CA,2023-10-04,other,Pro,19,1,1,915
A-4f18f0,Company_145,DevTools,CA,2024-04-21,other,Pro,24,1,0,715
A-4c6f11,Company_146,FinTech,CA,2023-11-27,organic,Pro,24,1,1,861
A-8ae05d,Company_147,FinTech,IN,2024-04-06,other,Enterprise,86,0,0,730
A-b78bf8,Company_148,DevTools,US,2024-11-15,event,Pro,33,0,0,507
A-eafc6e,Company_149,DevTools,US,2023-07-06,partner,Pro,27,0,1,1005
A-37f969,Company_150,HealthTech,IN,2023-10-14,partner,Enterprise,30,0,0,905
A-10b8f2,Company_151,HealthTech,DE,2023-01-11,organic,Basic,47,1,0,1181
A-439b2f,Company_152,DevTools,US,2024-02-21,ads,Enterprise,1,0,1,775
A-544d0a,Company_153,DevTools,US,2024-05-02,organic,Basic,2,1,0,704
A-ba6516,Company_154,FinTech,US,2023-10-29,ads,Pro,27,0,0,890
A-712426,Company_155,HealthTech,US,2024-11-10,other,Enterprise,9,0,0,512
A-038089,Company_156,DevTools,FR,2023-12-19,other,Pro,5,0,1,839
A-afa505,Company_157,DevTools,US,2023-12-27,partner,Basic,70,1,0,831
A-d5a319,Company_158,FinTech,US,2023-05-04,other,Enterprise,15,0,1,1068
A-f97b9a,Company_159,FinTech,US,2023-07-09,event,Pro,16,0,0,1002
A-2f6a32,Company_160,HealthTech,US,2024-08-26,organic,Basic,19,0,0,588
A-856b1e,Company_161,FinTech,US,2023-10-31,partner,Basic,19,0,0,888
A-17939a,Company_162,HealthTech,US,2024-12-26,organic,Basic,1,0,0,466
A-d27f50,Company_163,Cybersecurity,UK,2024-07-20,ads,Enterprise,44,0,0,625
A-e36807,Company_164,EdTech,AU,2024-05-17,other,Pro,6,0,0,689
A-ff79f2,Company_165,DevTools,US,2024-04-25,ads,Basic,8,0,1,711
A-5b1bcd,Company_166,DevTools,US,2023-09-16,organic,Pro,73,0,0,933
A-71615e,Company_167,EdTech,US,2024-05-18,organic,Basic,15,0,0,688
A-794a0b,Company_168,HealthTech,DE,2023-06-02,organic,Basic,23,0,0,1039
A-86902e,Company_169,HealthTech,IN,2023-05-02,other,Enterprise,34,0,0,1070
A-0532a9,Company_170,FinTech,IN,2024-09-25,event,Pro,19,0,0,558
A-9779ad,Company_171,Cybersecurity,AU,2024-03-29,event,Pro,40,1,1,738
A-f45426,Company_172,HealthTech,US,2024-08-05,organic,Basic,9,0,0,609
A-c1e51e,Company_173,FinTech,US,2024-10-02,organic,Basic,3,0,0,551
A-fa3095,Company_174,FinTech,US,2023-09-03,ads,Basic,70,0,0,946
A-ad64c6,Company_175,DevTools,UK,2024-02-23,event,Pro,12,0,0,773
A-39b19f,Company_176,FinTech,US,2023-02-03,partner,Enterprise,1,0,0,1158
A-56962b,Company_177,EdTech,UK,2024-04-09,partner,Enterprise,163,0,0,727
A-e60f9d,Company_178,FinTech,US,2024-08-26,other,Basic,29,0,0,588
A-88c6ca,Company_179,FinTech,DE,2024-10-25,ads,Basic,5,0,1,528
A-158f4e,Company_180,FinTech,IN,2023-03-03,other,Enterprise,61,0,0,1130
A-5b051a,Company_181,Cybersecurity,US,2024-08-05,event,Enterprise,22,0,0,609
A-296d7c,Company_182,DevTools,DE,2023-11-08,other,Enterprise,2,0,0,880
A-1619f8,Company_183,DevTools,US,2024-05-20,organic,Pro,29,0,0,686
A-a1b80b,Company_184,HealthTech,US,2023-11-27,organic,Basic,16,0,0,861
A-139c3b,Company_185,HealthTech,US,2024-11-21,organic,Enterprise,10,1,1,501
A-702032,Company_186,HealthTech,US,2023-10-03,ads,Pro,28,0,0,916
A-7a0d69,Company_187,DevTools,DE,2024-06-15,ads,Enterprise,4,1,1,660
A-22d9d2,Company_188,DevTools,FR,2024-03-22,event,Pro,8,0,0,745
A-b9eed8,Company_189,Cybersecurity,US,2024-02-23,organic,Basic,11,0,0,773
A-dfbd31,Company_190,DevTools,UK,2023-12-04,partner,Enterprise,14,0,0,854
A-8e47ca,Company_191,HealthTech,US,2024-02-15,organic,Pro,19,0,0,781
A-4437e4,Company_192,Cybersecurity,US,2023-09-16,event,Enterprise,3,0,0,933
A-779e4e,Company_193,HealthTech,US,2023-01-02,organic,Basic,5,0,0,1190
A-53f4e3,Company_194,Cybersecurity,UK,2024-06-14,event,Enterprise,13,0,0,661
A-692f18,Company_195,EdTech,US,2024-03-28,other,Basic,5,1,1,739
A-13466a,Company_196,DevTools,AU,2023-10-22,event,Basic,2,0,1,897
A-1986ca,Company_197,HealthTech,IN,2023-01-30,ads,Pro,20,0,0,1162
A-0cc442,Company_198,EdTech,US,2024-07-18,organic,Basic,45,0,0,627
A-c608c8,Company_199,DevTools,DE,2023-04-27,ads,Pro,3,0,1,1075
A-3be56b,Company_200,HealthTech,IN,2023-10-26,event,Pro,3,0,1,893
A-354f12,Company_201,FinTech,US,2024-04-28,ads,Pro,1,1,0,708
A-68f37c,Company_202,HealthTech,US,2023-07-15,ads,Basic,4,0,0,996
A-aa9511,Company_203,DevTools,US,2023-10-10,other,Pro,23,1,0,909
A-af0cd2,Company_204,Cybersecurity,IN,2023-01-03,other,Enterprise,19,1,0,1189
A-bd4513,Company_205,DevTools,AU,2024-11-06,event,Enterprise,50,1,0,516
A-c222ab,Company_206,Cybersecurity,US,2024-05-10,other,Pro,32,0,1,696
A-34d880,Company_207,Cybersecurity,AU,2024-04-11,ads,Enterprise,4,0,0,725
A-508199,Company_208,FinTech,AU,2024-01-28,event,Basic,19,0,0,799
A-f03140,Company_209,DevTools,IN,2023-11-22,event,Pro,27,1,0,866
A-410e86,Company_210,FinTech,US,2024-11-10,organic,Basic,24,0,0,512
A-fa2041,Company_211,HealthTech,US,2024-05-29,organic,Pro,15,1,0,677
A-de58ca,Company_212,HealthTech,DE,2023-04-13,organic,Enterprise,15,0,0,1089
A-05d3b3,Company_213,DevTools,AU,2023-05-28,ads,Basic,9,1,0,1044
A-249769,Company_214,Cybersecurity,US,2024-04-25,event,Enterprise,4,0,1,711
A-e43bf7,Company_215,Cybersecurity,AU,2023-03-24,other,Pro,44,0,0,1109
A-eb2fdc,Company_216,DevTools,AU,2023-11-21,organic,Enterprise,31,0,1,867
A-e1462e,Company_217,FinTech,UK,2023-03-12,partner,Basic,15,0,0,1121
A-cab532,Company_218,DevTools,FR,2023-04-03,organic,Pro,11,1,0,1099
A-9123ac,Company_219,Cybersecurity,DE,2023-06-20,organic,Pro,9,0,0,1021
A-6e08f3,Company_220,Cybersecurity,US,2023-02-27,event,Basic,8,0,0,1134
A-d922bf,Company_221,HealthTech,US,2023-09-08,ads,Basic,5,1,1,941
A-8ed5dd,Company_222,EdTech,UK,2023-06-29,event,Enterprise,5,0,1,1012
A-7c6b6b,Company_223,FinTech,US,2024-11-30,other,Basic,6,0,0,492
A-3c1a3f,Company_224,DevTools,UK,2023-08-26,event,Pro,1,0,0,954
A-b48f73,Company_225,EdTech,AU,2024-11-13,event,Pro,80,1,0,509
A-76fa4d,Company_226,HealthTech,US,2024-11-24,event,Pro,69,0,0,498
A-b2af2e,Company_227,Cybersecurity,UK,2024-08-24,event,Enterprise,5,0,0,590
A-9bfc9f,Company_228,DevTools,CA,2023-09-14,ads,Pro,53,0,0,935
A-4ae22a,Company_229,EdTech,US,2024-05-09,other,Pro,6,0,1,697
A-fda07f,Company_230,Cybersecurity,FR,2024-08-11,partner,Basic,7,0,0,603
A-de24d5,Company_231,DevTools,US,2024-11-05,other,Enterprise,5,1,0,517
A-977ca0,Company_232,HealthTech,IN,2023-02-20,partner,Basic,6,0,1,1141
A-ab438f,Company_233,Cybersecurity,US,2024-09-13,ads,Enterprise,13,0,1,570
A-e89151,Company_234,FinTech,UK,2023-09-14,organic,Pro,8,1,1,935
A-40906c,Company_235,EdTech,US,2024-03-27,ads,Basic,92,0,0,740
A-81edc3,Company_236,Cybersecurity,IN,2023-10-30,ads,Basic,5,0,0,889
A-328bd0,Company_237,HealthTech,AU,2023-05-16,partner,Enterprise,18,0,0,1056
A-b3fe05,Company_238,Cybersecurity,CA,2024-05-28,partner,Pro,8,0,0,678
A-09540c,Company_239,Cybersecurity,CA,2023-10-30,event,Basic,67,1,0,889
A-e693b6,Company_240,FinTech,AU,2023-05-25,event,Enterprise,55,0,1,1047
A-2446e3,Company_241,EdTech,IN,2024-01-10,organic,Pro,27,0,0,817
A-241e75,Company_242,EdTech,US,2024-07-03,partner,Enterprise,3,0,0,642
A-922109,Company_243,Cybersecurity,US,2024-01-26,ads,Pro,3,0,0,801
A-ff3c73,Company_244,HealthTech,AU,2023-01-26,other,Pro,21,0,0,1166
A-8b0451,Company_245,FinTech,UK,2024-09-16,event,Enterprise,41,0,0,567
A-331424,Company_246,DevTools,US,2023-11-06,organic,Basic,11,0,0,882
A-51ec1b,Company_247,DevTools,US,2023-11-08,ads,Enterprise,7,0,0,880
A-bcf664,Company_248,DevTools,US,2023-05-19,other,Pro,5,0,0,1053
A-90a8c8,Company_249,FinTech,AU,2024-08-24,organic,Pro,15,0,0,590
A-86cdb4,Company_250,DevTools,DE,2024-09-22,partner,Basic,2,0,0,561
A-4bfa33,Company_251,Cybersecurity,US,2024-12-07,event,Basic,8,1,0,485
A-dbc825,Company_252,EdTech,FR,2024-01-07,partner,Enterprise,19,0,0,820
A-c70870,Company_253,Cybersecurity,US,2024-10-22,partner,Basic,31,0,0,531
A-7c4956,Company_254,DevTools,US,2023-05-06,ads,Enterprise,5,0,1,1066
A-0651a4,Company_255,HealthTech,FR,2024-10-16,organic,Pro,16,0,0,537
A-3ce5b8,Company_256,FinTech,IN,2023-09-07,ads,Basic,8,0,1,942
A-bd4708,Company_257,FinTech,US,2024-07-21,ads,Pro,37,1,0,624
A-993085,Company_258,HealthTech,US,2023-06-01,ads,Basic,31,1,0,1040
A-92a3af,Company_259,Cybersecurity,IN,2024-07-07,organic,Enterprise,25,0,0,638
A-151c9a,Company_260,FinTech,US,2023-01-27,ads,Enterprise,23,0,0,1165
A-474ad4,Company_261,EdTech,US,2023-11-28,organic,Basic,8,0,0,860
A-4ef964,Company_262,HealthTech,US,2024-03-07,organic,Pro,17,0,0,760
A-fd9422,Company_263,Cybersecurity,US,2024-04-04,organic,Pro,58,0,0,732
A-0baac2,Company_264,FinTech,DE,2024-05-30,organic,Enterprise,14,0,1,676
A-bb1486,Company_265,HealthTech,US,2024-11-05,organic,Basic,41,0,0,517
A-560d27,Company_266,DevTools,US,2024-05-05,organic,Pro,23,0,0,701
A-0b0d6d,Company_267,DevTools,US,2024-12-30,organic,Pro,3,0,0,462
A-2789e3,Company_268,FinTech,US,2024-09-14,partner,Enterprise,11,0,0,569
A-b07346,Company_269,HealthTech,US,2024-10-10,partner,Pro,51,0,1,543
A-902ef7,Company_270,HealthTech,US,2024-09-03,other,Enterprise,83,0,1,580
A-20736a,Company_271,EdTech,IN,2024-03-16,organic,Enterprise,50,0,0,751
A-e4bf56,Company_272,HealthTech,IN,2024-10-28,ads,Pro,17,0,1,525
A-cea1f0,Company_273,FinTech,US,2024-04-07,event,Pro,8,0,1,729
A-ef84cf,Company_274,EdTech,US,2024-03-01,partner,Enterprise,8,0,0,766
A-d49cc5,Company_275,Cybersecurity,FR,2023-09-19,event,Basic,50,0,0,930
A-67be94,Company_276,EdTech,US,2023-04-04,organic,Enterprise,26,0,0,1098
A-4e960a,Company_277,FinTech,US,2024-01-17,other,Enterprise,12,1,1,810
A-c37cab,Company_278,Cybersecurity,UK,2024-07-29,event,Pro,13,0,0,616
A-533452,Company_279,DevTools,AU,2024-11-12,organic,Pro,9,0,0,510
A-443b7c,Company_280,Cybersecurity,US,2024-09-06,other,Enterprise,1,0,1,577
A-1f7acb,Company_281,FinTech,UK,2023-08-06,ads,Basic,64,1,0,974
A-f51f16,Company_282,HealthTech,US,2023-12-25,partner,Enterprise,1,0,0,833
A-5a3eb9,Company_283,DevTools,CA,2023-08-20,other,Enterprise,18,1,0,960
A-5f2961,Company_284,HealthTech,US,2024-11-22,partner,Basic,4,0,0,500
A-417d2f,Company_285,Cybersecurity,IN,2023-07-04,partner,Pro,4,1,0,1007
A-e98302,Company_286,EdTech,US,2023-12-26,ads,Enterprise,16,1,0,832
A-8bde0c,Company_287,DevTools,US,2024-11-04,organic,Basic,12,0,0,518
A-bcf87c,Company_288,FinTech,US,2024-06-27,event,Pro,10,0,1,648
A-54ecc2,Company_289,Cybersecurity,US,2023-06-11,partner,Enterprise,4,0,0,1030
A-625d0b,Company_290,EdTech,AU,2024-09-02,ads,Basic,9,0,0,581
A-fce879,Company_291,EdTech,UK,2024-09-24,partner,Pro,10,1,1,559
A-b07b56,Company_292,DevTools,US,2024-11-08,event,Pro,25,0,1,514
A-6da850,Company_293,FinTech,IN,2023-10-07,organic,Pro,5,0,0,912
A-342303,Company_294,EdTech,US,2024-03-16,other,Pro,1,1,0,751
A-e7a1e2,Company_295,Cybersecurity,US,2024-06-23,event,Enterprise,3,0,0,652
A-f1f639,Company_296,EdTech,US,2023-02-26,ads,Basic,2,0,0,1135
A-a865bd,Company_297,Cybersecurity,US,2023-09-19,organic,Pro,38,0,0,930
A-4e631b,Company_298,FinTech,US,2024-03-16,other,Enterprise,22,0,0,751
A-7f6b86,Company_299,HealthTech,US,2023-08-24,partner,Basic,45,1,1,956
A-8adedc,Company_300,EdTech,US,2024-02-11,event,Basic,4,1,1,785
A-2edab2,Company_301,HealthTech,US,2023-11-17,event,Enterprise,17,0,0,871
A-149a69,Company_302,DevTools,US,2024-10-17,event,Basic,34,0,0,536
A-a6d261,Company_303,FinTech,CA,2023-11-29,other,Pro,9,0,0,859
A-443f6f,Company_304,Cybersecurity,US,2024-12-07,organic,Basic,19,0,0,485
A-202b67,Company_305,HealthTech,US,2024-03-22,organic,Pro,11,0,0,745
A-00bed1,Company_306,Cybersecurity,US,2023-11-14,ads,Basic,28,1,0,874
A-ffc04f,Company_307,EdTech,US,2024-06-06,ads,Pro,13,0,0,669
A-65c341,Company_308,FinTech,US,2023-12-26,ads,Pro,11,1,0,832
A-dcc2f0,Company_309,FinTech,UK,2023-07-22,organic,Basic,15,0,0,989
A-ced9aa,Company_310,DevTools,US,2024-10-05,other,Enterprise,3,0,0,548
A-3d957b,Company_311,HealthTech,UK,2024-04-04,other,Pro,14,0,0,732
A-89ee83,Company_312,Cybersecurity,US,2024-10-04,organic,Pro,1,0,1,549
A-883b7d,Company_313,Cybersecurity,IN,2024-03-28,other,Basic,17,0,0,739
A-dcc3f1,Company_314,HealthTech,US,2023-12-27,event,Pro,21,0,0,831
A-c62e55,Company_315,EdTech,US,2023-02-08,partner,Basic,1,1,0,1153
A-e4144b,Company_316,EdTech,UK,2024-10-22,other,Pro,41,0,0,531
A-e40f45,Company_317,HealthTech,US,2024-04-18,organic,Pro,21,0,0,718
A-96215d,Company_318,FinTech,US,2024-08-08,event,Enterprise,10,0,0,606
A-2b9d3e,Company_319,EdTech,US,2023-06-04,partner,Enterprise,1,0,0,1037
A-b7724f,Company_320,HealthTech,UK,2023-03-28,organic,Basic,1,0,0,1105
A-310452,Company_321,DevTools,FR,2024-12-25,other,Enterprise,9,0,0,467
A-eb1312,Company_322,FinTech,US,2024-09-16,partner,Pro,25,0,0,567
A-df1e44,Company_323,Cybersecurity,UK,2024-02-23,organic,Enterprise,12,0,0,773
A-6a7c9d,Company_324,Cybersecurity,US,2024-10-24,organic,Enterprise,26,0,1,529
A-cbd1a3,Company_325,DevTools,US,2024-11-25,other,Basic,6,0,1,497
A-a8d89d,Company_326,EdTech,US,2023-12-08,ads,Pro,13,0,0,850
A-600734,Company_327,DevTools,US,2023-11-14,organic,Pro,29,1,1,874
A-86fc1d,Company_328,DevTools,UK,2024-07-26,partner,Basic,26,0,0,619
A-78f02b,Company_329,HealthTech,US,2024-11-17,event,Enterprise,11,0,0,505
A-acb7f7,Company_330,EdTech,US,2024-01-06,ads,Basic,32,0,0,821
A-712f1c,Company_331,DevTools,US,2023-12-16,ads,Basic,17,0,1,842
A-3793ee,Company_332,Cybersecurity,CA,2023-03-21,organic,Enterprise,49,1,0,1112
A-9a532a,Company_333,HealthTech,US,2024-07-06,partner,Enterprise,11,0,0,639
A-2ebb4b,Company_334,HealthTech,US,2023-05-15,ads,Basic,41,0,0,1057
A-6843f2,Company_335,HealthTech,CA,2024-12-10,ads,Enterprise,21,0,0,482
A-c9bb3e,Company_336,EdTech,US,2024-03-24,ads,Pro,5,0,0,743
A-4814a3,Company_337,Cybersecurity,IN,2024-09-17,event,Basic,87,0,1,566
A-b7b7b7,Company_338,FinTech,US,2024-06-30,event,Basic,24,0,1,645
A-ccc747,Company_339,HealthTech,FR,2024-01-12,event,Pro,16,0,1,815
A-bb3bd4,Company_340,HealthTech,US,2024-01-27,ads,Basic,23,0,0,800
A-09316c,Company_341,FinTech,AU,2024-09-11,organic,Enterprise,70,0,0,572
A-96bbc6,Company_342,Cybersecurity,US,2024-05-07,organic,Enterprise,39,0,0,699
A-bc4d48,Company_343,EdTech,US,2024-06-12,ads,Pro,35,1,0,663
A-b30291,Company_344,HealthTech,US,2024-04-05,event,Basic,5,1,1,731
A-cdf020,Company_345,DevTools,AU,2023-08-16,organic,Pro,23,0,0,964
A-e6afc1,Company_346,DevTools,US,2023-02-24,ads,Pro,1,0,0,1137
A-e3bd71,Company_347,Cybersecurity,US,2023-03-25,partner,Basic,31,0,0,1108
A-b179bf,Company_348,Cybersecurity,IN,2024-10-27,ads,Basic,43,0,0,526
A-098560,Company_349,DevTools,UK,2023-10-21,ads,Enterprise,1,0,1,898
A-82861f,Company_350,DevTools,UK,2024-04-25,organic,Basic,41,0,0,711
A-94c3cd,Company_351,FinTech,CA,2023-09-20,other,Enterprise,32,0,0,929
A-a33200,Company_352,HealthTech,US,2024-09-15,partner,Basic,29,0,0,568
A-034368,Company_353,EdTech,US,2023-11-05,event,Enterprise,19,0,0,883
A-b54c01,Company_354,DevTools,US,2024-09-29,event,Enterprise,29,0,0,554
A-d82ef9,Company_355,EdTech,UK,2024-07-02,other,Basic,26,0,1,643
A-bb2f49,Company_356,Cybersecurity,US,2023-05-28,other,Pro,8,0,0,1044
A-1f559b,Company_357,HealthTech,US,2023-09-04,organic,Enterprise,5,1,1,945
A-5a215a,Company_358,EdTech,FR,2024-01-05,other,Enterprise,87,0,0,822
A-3f9cc0,Company_359,HealthTech,US,2024-06-03,event,Basic,22,0,0,672
A-f9cc74,Company_360,DevTools,FR,2024-10-12,partner,Enterprise,30,1,0,541
A-ed510f,Company_361,Cybersecurity,IN,2023-01-17,partner,Basic,42,0,0,1175
A-5c9849,Company_362,EdTech,IN,2024-11-03,partner,Basic,19,0,0,519
A-a7bd4b,Company_363,Cybersecurity,US,2023-02-15,ads,Enterprise,5,0,0,1146
A-d4ac0e,Company_364,DevTools,UK,2024-04-20,ads,Basic,18,0,0,716
A-ffdfd5,Company_365,EdTech,US,2024-04-13,organic,Basic,3,0,1,723
A-0dbdc6,Company_366,Cybersecurity,DE,2023-02-12,other,Pro,30,0,1,1149
A-7cfe77,Company_367,DevTools,US,2024-07-10,ads,Pro,69,0,0,635
A-1f0636,Company_368,EdTech,AU,2024-01-01,partner,Pro,105,0,0,826
A-40de06,Company_369,Cybersecurity,US,2023-05-08,event,Enterprise,28,0,1,1064
A-cb5333,Company_370,DevTools,US,2024-03-26,ads,Pro,33,0,0,741
A-309e54,Company_371,DevTools,US,2024-12-09,other,Pro,15,0,0,483
A-6e7827,Company_372,DevTools,US,2023-03-26,other,Basic,1,0,0,1107
A-50bb9f,Company_373,Cybersecurity,US,2024-07-12,organic,Pro,2,0,0,633
A-5fe118,Company_374,Cybersecurity,US,2024-11-07,other,Enterprise,39,0,0,515
A-5247b3,Company_375,FinTech,UK,2024-03-12,partner,Pro,16,1,0,755
A-f44180,Company_376,Cybersecurity,UK,2023-02-13,event,Pro,9,0,0,1148
A-c16cf7,Company_377,EdTech,US,2024-10-16,event,Pro,13,1,0,537
A-d42431,Company_378,FinTech,FR,2024-06-09,ads,Enterprise,22,1,0,666
A-6965e1,Company_379,DevTools,US,2024-11-25,organic,Basic,13,0,0,497
A-0354fe,Company_380,Cybersecurity,US,2024-10-22,other,Basic,34,0,0,531
A-0a62f5,Company_381,FinTech,UK,2024-09-11,partner,Pro,16,0,0,572
A-f5641b,Company_382,EdTech,US,2024-03-30,other,Pro,31,0,0,737
A-b44e3e,Company_383,Cybersecurity,UK,2024-02-12,ads,Basic,40,0,0,784
A-3b37d9,Company_384,FinTech,US,2023-01-27,event,Enterprise,23,0,0,1165
A-54d94a,Company_385,Cybersecurity,IN,2023-05-01,event,Basic,27,0,0,1071
A-7f29a7,Company_386,Cybersecurity,UK,2024-09-18,event,Basic,41,1,0,565
A-089363,Company_387,FinTech,AU,2023-05-06,event,Basic,2,0,0,1066
A-524364,Company_388,DevTools,FR,2024-12-31,partner,Enterprise,3,0,0,461
A-855a48,Company_389,EdTech,US,2023-12-22,partner,Pro,14,1,0,836
A-756192,Company_390,FinTech,IN,2023-06-11,other,Basic,19,0,0,1030
A-49b828,Company_391,FinTech,IN,2023-05-05,ads,Pro,6,0,0,1067
A-c7ffc2,Company_392,Cybersecurity,US,2023-01-27,partner,Pro,30,1,0,1165
A-751c58,Company_393,FinTech,UK,2024-07-18,organic,Basic,15,0,0,627
A-72799b,Company_394,DevTools,FR,2023-11-13,event,Enterprise,20,0,1,875
A-812c5b,Company_395,DevTools,CA,2024-02-25,organic,Basic,55,0,1,771
A-69b156,Company_396,EdTech,US,2023-11-21,other,Pro,7,0,1,867
A-075038,Company_397,HealthTech,UK,2023-05-12,ads,Basic,17,0,0,1060
A-940b8b,Company_398,HealthTech,DE,2024-03-19,organic,Basic,1,0,0,748
A-2d1036,Company_399,FinTech,US,2024-06-14,ads,Pro,69,0,1,661
A-0f6450,Company_400,FinTech,US,2024-12-27,other,Pro,28,1,1,465
A-9affe6,Company_401,Cybersecurity,US,2023-03-22,other,Pro,7,0,0,1111
A-80eeb6,Company_402,Cybersecurity,UK,2023-05-09,organic,Enterprise,22,0,0,1063
A-d4e0d4,Company_403,FinTech,US,2024-10-18,other,Basic,117,0,0,535
A-c7e58b,Company_404,HealthTech,IN,2023-06-25,other,Pro,3,0,0,1016
A-016043,Company_405,EdTech,CA,2024-07-31,organic,Basic,4,1,0,614
A-bbe56f,Company_406,HealthTech,US,2023-02-16,ads,Enterprise,21,0,0,1145
A-7c5768,Company_407,HealthTech,UK,2024-03-02,event,Enterprise,3,0,0,765
A-751bd4,Company_408,Cybersecurity,UK,2024-07-12,partner,Pro,10,0,0,633
A-4e0e85,Company_409,DevTools,US,2023-09-08,organic,Enterprise,6,0,0,941
A-ad3abd,Company_410,FinTech,US,2023-03-03,event,Pro,44,0,0,1130
A-e19ff6,Company_411,Cybersecurity,UK,2023-07-28,partner,Enterprise,1,0,0,983
A-7920cc,Company_412,Cybersecurity,FR,2023-11-23,ads,Pro,39,0,0,865
A-5a92e7,Company_413,HealthTech,US,2024-06-11,ads,Pro,4,0,0,664
A-fdfc91,Company_414,Cybersecurity,US,2023-05-06,ads,Basic,29,0,0,1066
A-1e50e0,Company_415,Cybersecurity,DE,2023-02-21,other,Pro,19,1,1,1140
A-1e1b80,Company_416,FinTech,CA,2023-09-12,other,Enterprise,50,0,0,937
A-659280,Company_417,FinTech,IN,2023-11-17,event,Enterprise,13,1,1,871
A-f6b2fb,Company_418,DevTools,AU,2024-04-23,event,Basic,23,0,0,713
A-cb6cc6,Company_419,DevTools,US,2023-04-03,ads,Basic,13,1,0,1099
A-d62e02,Company_420,Cybersecurity,US,2024-08-20,partner,Pro,6,0,0,594
A-d535f6,Company_421,DevTools,US,2024-09-03,organic,Basic,12,1,1,580
A-39868b,Company_422,FinTech,AU,2024-03-17,partner,Pro,9,0,0,750
A-3cc791,Company_423,EdTech,US,2024-01-10,other,Enterprise,6,0,0,817
A-337bc1,Company_424,Cybersecurity,US,2023-07-19,organic,Pro,30,1,0,992
A-58b9ff,Company_425,DevTools,IN,2024-05-31,partner,Enterprise,2,0,0,675
A-bf7919,Company_426,HealthTech,US,2024-11-27,organic,Pro,3,0,0,495
A-1d5444,Company_427,Cybersecurity,US,2024-01-18,partner,Basic,24,0,1,809
A-0f3e88,Company_428,HealthTech,US,2023-07-23,other,Basic,7,0,1,988
A-7641d3,Company_429,EdTech,US,2023-02-16,partner,Pro,8,1,1,1145
A-cd458b,Company_430,DevTools,US,2024-06-15,other,Basic,10,1,0,660
A-c16b88,Company_431,HealthTech,US,2023-12-02,event,Enterprise,23,0,0,856
A-59f724,Company_432,HealthTech,US,2023-11-03,other,Enterprise,3,1,0,885
A-87aa7b,Company_433,HealthTech,US,2024-05-16,organic,Pro,24,1,0,690
A-1e6fc3,Company_434,EdTech,FR,2023-12-06,other,Pro,1,0,0,852
A-39ddf4,Company_435,EdTech,US,2024-12-05,partner,Enterprise,40,0,0,487
A-34ea2f,Company_436,HealthTech,US,2024-08-15,organic,Enterprise,8,0,1,599
A-716841,Company_437,FinTech,US,2024-05-06,other,Pro,45,0,0,700
A-558c72,Company_438,FinTech,US,2023-06-01,organic,Basic,12,0,0,1040
A-b11cd0,Company_439,DevTools,US,2023-01-20,ads,Pro,26,1,1,1172
A-cc1d8d,Company_440,FinTech,US,2024-12-08,other,Pro,5,0,0,484
A-7f4db3,Company_441,FinTech,US,2023-03-05,other,Pro,4,0,0,1128
A-db5e9e,Company_442,DevTools,US,2024-11-09,partner,Basic,4,0,0,513
A-cc102e,Company_443,HealthTech,US,2024-04-15,partner,Enterprise,13,0,0,721
A-82d8a6,Company_444,Cybersecurity,UK,2024-11-28,ads,Basic,5,0,0,494
A-dec005,Company_445,HealthTech,US,2023-10-13,partner,Pro,21,0,0,906
A-5790f4,Company_446,FinTech,UK,2024-12-22,event,Pro,1,1,0,470
A-7c83a1,Company_447,Cybersecurity,US,2024-05-06,partner,Pro,12,0,0,700
A-297a2d,Company_448,HealthTech,UK,2023-05-05,event,Pro,27,0,0,1067
A-4c56c9,Company_449,FinTech,US,2023-12-20,partner,Enterprise,9,0,1,838
A-cbbe12,Company_450,Cybersecurity,DE,2023-03-22,partner,Enterprise,40,0,0,1111
A-4a267b,Company_451,FinTech,US,2024-05-05,other,Pro,25,0,0,701
A-bcbe98,Company_452,Cybersecurity,US,2024-07-29,other,Enterprise,46,0,0,616
A-427b69,Company_453,FinTech,US,2024-08-23,other,Basic,17,0,0,591
A-0be015,Company_454,FinTech,US,2024-10-15,event,Pro,19,0,0,538
A-054577,Company_455,EdTech,UK,2024-04-28,ads,Basic,2,0,0,708
A-bc87bc,Company_456,FinTech,US,2024-07-17,event,Pro,3,0,0,628
A-0f7d77,Company_457,FinTech,IN,2024-10-28,partner,Pro,3,0,0,525
A-e7beab,Company_458,EdTech,DE,2023-10-20,organic,Enterprise,5,0,0,899
A-a09355,Company_459,FinTech,US,2024-08-10,organic,Basic,14,0,0,604
A-31ab9a,Company_460,FinTech,DE,2024-03-03,organic,Pro,3,0,0,764
A-0158bb,Company_461,FinTech,DE,2024-05-22,partner,Basic,5,0,0,684
A-f19b24,Company_462,Cybersecurity,US,2023-01-10,organic,Pro,29,1,0,1182
A-798a3f,Company_463,DevTools,FR,2023-10-19,other,Enterprise,12,0,1,900
A-42b791,Company_464,FinTech,AU,2024-05-20,event,Pro,3,0,0,686
A-068fc6,Company_465,EdTech,US,2023-07-17,event,Enterprise,35,0,0,994
A-6f50ae,Company_466,FinTech,US,2023-09-21,partner,Pro,19,0,1,928
A-a2485e,Company_467,FinTech,US,2024-08-04,event,Pro,3,1,0,610
A-bb1eaa,Company_468,Cybersecurity,US,2024-06-11,organic,Basic,21,0,0,664
A-cc98bc,Company_469,DevTools,US,2023-05-24,ads,Basic,32,0,0,1048
A-d77f4c,Company_470,DevTools,US,2023-09-25,partner,Pro,4,1,0,924
A-ccabf0,Company_471,HealthTech,IN,2023-11-06,organic,Pro,1,0,0,882
A-700ade,Company_472,Cybersecurity,UK,2024-10-31,organic,Enterprise,1,1,0,522
A-4a4c2d,Company_473,DevTools,US,2023-05-02,event,Enterprise,54,0,0,1070
A-b7ef83,Company_474,Cybersecurity,UK,2024-05-29,partner,Pro,1,1,0,677
A-e08cd3,Company_475,FinTech,US,2024-09-21,ads,Pro,67,1,0,562
A-19b2c8,Company_476,DevTools,IN,2023-06-06,other,Pro,20,0,0,1035
A-970c97,Company_477,HealthTech,DE,2024-03-01,other,Enterprise,14,0,0,766
A-6dee43,Company_478,FinTech,UK,2023-08-12,other,Basic,3,1,0,968
A-5ed98d,Company_479,DevTools,US,2024-06-22,partner,Basic,24,0,0,653
A-c58f49,Company_480,EdTech,US,2024-07-31,other,Enterprise,70,1,0,614
A-9c18c4,Company_481,HealthTech,US,2023-07-27,ads,Pro,11,0,1,984
A-cc8c8f,Company_482,DevTools,US,2024-06-16,ads,Enterprise,23,0,0,659
A-5f7781,Company_483,DevTools,US,2024-08-20,other,Pro,22,0,0,594
A-e1b9cd,Company_484,DevTools,US,2023-02-26,event,Pro,40,0,1,1135
A-ac85cd,Company_485,EdTech,US,2024-07-31,partner,Enterprise,53,0,0,614
A-d792a6,Company_486,DevTools,US,2023-01-23,organic,Enterprise,4,0,0,1169
A-ac9111,Company_487,HealthTech,US,2023-08-12,event,Pro,21,1,0,968
A-18793f,Company_488,EdTech,US,2024-12-18,organic,Basic,148,1,0,474
A-9f0b68,Company_489,EdTech,US,2024-04-28,ads,Basic,10,0,0,708
A-d3c88e,Company_490,DevTools,US,2024-10-18,event,Pro,16,0,0,535
A-ccb686,Company_491,DevTools,US,2024-01-22,other,Basic,10,0,0,805
A-118f1c,Company_492,Cybersecurity,US,2024-10-31,other,Pro,32,0,0,522
A-0e966d,Company_493,FinTech,IN,2024-06-25,ads,Basic,11,0,1,650
A-b9f5b1,Company_494,Cybersecurity,US,2023-01-24,other,Pro,15,1,0,1168
A-8ae3fc,Company_495,DevTools,CA,2024-06-28,ads,Pro,9,0,0,647
A-55f257,Company_496,FinTech,US,2023-12-21,organic,Basic,9,0,0,837
A-d26ab4,Company_497,DevTools,UK,2024-11-07,organic,Basic,9,0,1,515
A-712533,Company_498,EdTech,US,2023-07-31,organic,Pro,18,0,0,980
A-781cc0,Company_499,EdTech,US,2024-09-04,organic,Pro,12,0,0,579
